Article,Price,Old Price,Manufacturers,is_kind : Модификация
02800,1140,,,
02817,1140,,,
,0,,,
16060,1090,,,
04880,6640,,,
04866,6640,,,
11218,6620,,,
72624,4440,,,
09960,1480,,,
05719,2150,,,
05696,2150,,,
05733,2150,,,
77896,1900,,,
,0,,,
10594,1310,,,
90976,1310,,,
10068,1310,,,
10617,1310,,,
10587,1310,,,
10754,2840,,,
10075,1310,,,
10174,3100,,,
78732,1310,,,
75977,5090,,,
05108,2980,,,
10761,2150,,,
76349,2620,,,
01322,2200,,,
08178,3230,,,
08420,4420,,,
08239,3910,,,
05214,2550,,,
09632,3510,,,
04309,2820,,,
04323,2820,,,
08253,5620,,,
03302,4110,,,
08055,2550,,,
05009,2480,,,
06983,2720,,,
02572,2820,,,
04347,3880,,,
04361,2820,,,
02961,2570,,,
04989,2550,,,
09069,2130,,,
10799,5000,,,
09892,3140,,,
10751,2680,,,
09403,6600,,,
10874,4260,,,
10836,8520,,,
10812,8520,,,
09953,3620,,,
09533,5530,,,
09519,2340,,,
09656,4070,,,
09106,4260,,,
,0,,,
90273,940,,,
06723,990,,,
06709,990,,,
06952,990,,,
06969,990,,,
07249,990,,,
10303,1090,,,
90075,1090,,,
09083,1270,,,
09229,1700,,,
08468,1270,,,
09243,1700,,,
90136,1480,,,
,0,,,
10853,600,,,
00714,1170,,,
01094,1280,,,
01155,1280,,,
01162,1280,,,
01100,1280,,,
01148,940,,,
01131,940,,,
01407,860,,,
01384,860,,,
01346,860,,,
01360,860,,,
01841,1970,,,
04224,2560,,,
03326,2220,,,
06501,990,,,
07362,930,,,
05191,930,,,
07683,930,,,
05238,1700,,,
07645,1190,,,
04941,850,,,
04965,1020,,,
09908,1290,,,
10010,1050,,,
10119,1110,,,
09939,1200,,,
11413,1480,,,
09267,1380,,,
,0,,,
,0,,,
72495,3340,,,
10372,4870,,,
11294,5600,,,
06662,1700,,,
03289,1140,,,
03265,1140,,,
03272,1140,,,
,0,,,
,0,,,
,0,,,
72396,2930,,,
72389,2930,,,
72341,2930,,,
72358,2930,,,
72402,2930,,,
72365,2930,,,
,0,,,
78954,2930,,,
78909,2930,,,
78886,2930,,,
78893,2930,,,
78930,2930,,,
78916,2930,,,
78923,2930,,,
78978,2930,,,
78947,2930,,,
,0,,,
05481,3000,,,
05474,0,,,
05474,3000,,,
05474,3000,,,
05559,3000,,,
05542,3000,,,
05498,3000,,,
05566,3000,,,
05528,3000,,,
05535,3000,,,
05511,3000,,,
05504,3000,,,
,0,,,
10706,3790,,,
10645,3790,,,
10683,3790,,,
10652,3790,,,
10621,3790,,,
10690,3790,,,
10713,3790,,,
10676,3790,,,
10669,3790,,,
10638,3790,,,
,0,,,
10044,400,,,
10501,190,,,
10518,190,,,
10037,360,,,
,0,,,
,0,,,
00417,3040,,,
00424,3040,,,
00448,3040,,,
00387,3040,,,
00400,3040,,,
00394,3040,,,
00455,3040,,,
00431,3040,,,
00462,3040,,,
00370,3040,,,
,0,,,
05627,3090,,,
05658,3090,,,
05597,3090,,,
05573,3090,,,
05603,3090,,,
05634,3090,,,
05580,3090,,,
05665,3090,,,
05641,3090,,,
,0,,,
,0,,,
11284,1010,,,
11277,1010,,,
11352,1010,,,
11345,1010,,,
11215,1010,,,
11260,1010,,,
11253,1010,,,
11208,1010,,,
11338,1010,,,
11291,1010,,,
11314,1010,,,
11307,1010,,,
11246,1010,,,
11321,1010,,,
,0,,,
08321,7240,,,
08352,7240,,,
08314,7240,,,
08277,7240,,,
08345,7240,,,
08284,7240,,,
08307,7240,,,
08291,7240,,,
08338,7240,,,
08369,7240,,,
,0,,,
,0,,,
01520,870,,,
01513,870,,,
01490,0,,,
01490,870,,,
01490,870,,,
01469,870,,,
01438,870,,,
01476,870,,,
01445,870,,,
01551,870,,,
01537,870,,,
01568,870,,,
01414,870,,,
01421,870,,,
01452,870,,,
01506,870,,,
01483,870,,,
01544,870,,,
,0,,,
10522,1290,,,
10546,1290,,,
10492,1290,,,
10515,1290,,,
10539,1290,,,
10577,1290,,,
10485,1290,,,
10461,1290,,,
10508,1290,,,
10584,1290,,,
10614,1290,,,
10607,1290,,,
10553,0,,,
10553,1290,,,
10553,1290,,,
10591,1290,,,
10560,1290,,,
,0,,,
,0,,,
10416,1290,,,
10430,1290,,,
10423,1290,,,
10409,1290,,,
10447,1290,,,
10379,1290,,,
10454,1290,,,
10317,1290,,,
10300,1290,,,
10393,1290,,,
10386,1290,,,
10348,1290,,,
10362,1290,,,
10324,1290,,,
10331,1290,,,
10355,1290,,,
,0,,,
11178,1290,,,
11192,1290,,,
11154,1290,,,
11147,1290,,,
11048,1290,,,
11130,1290,,,
11062,1290,,,
11055,1290,,,
11185,1290,,,
11116,1290,,,
11086,1290,,,
11109,1290,,,
11093,1290,,,
11079,1290,,,
11161,1290,,,
11123,1290,,,
,0,,,
,0,,,
78213,1380,,,
78329,1380,,,
78312,1380,,,
78275,1380,,,
78244,1380,,,
78251,1380,,,
78282,1380,,,
78220,1380,,,
,0,,,
,0,,,
77469,2060,,,
77452,2060,,,
77537,2060,,,
77520,2060,,,
77490,2060,,,
77506,2060,,,
77476,2060,,,
77483,2060,,,
77513,2060,,,
77445,2060,,,
77544,2060,,,
77551,2060,,,
,0,,,
00516,2060,,,
00578,2060,,,
00547,2060,,,
00493,2060,,,
00561,2060,,,
00479,2060,,,
00523,2060,,,
00530,2060,,,
00486,2060,,,
00509,2060,,,
00554,2060,,,
00585,2060,,,
,0,,,
05368,2000,,,
05405,2000,,,
05436,2000,,,
05467,2000,,,
05399,2000,,,
05375,2000,,,
05429,2000,,,
05351,2000,,,
05450,2000,,,
05443,2000,,,
05382,2000,,,
05412,2000,,,
,0,,,
,0,,,
,0,,,
00349,870,,,
00332,870,,,
00363,870,,,
00226,870,,,
00219,870,,,
00318,870,,,
00356,870,,,
00264,870,,,
00288,870,,,
00233,870,,,
00295,870,,,
00240,870,,,
00325,870,,,
00257,870,,,
00301,870,,,
00271,870,,,
,0,,,
10225,1290,,,
10249,1290,,,
10263,1290,,,
10256,1290,,,
10270,1290,,,
10287,1290,,,
10140,1290,,,
10294,1290,,,
10157,1290,,,
10195,1290,,,
10232,1290,,,
10218,1290,,,
10164,1290,,,
10201,1290,,,
10188,1290,,,
10171,1290,,,
,0,,,
06815,490,,,
06754,490,,,
05276,490,,,
06778,490,,,
06761,490,,,
05306,490,,,
05290,490,,,
06808,490,,,
06792,490,,,
06785,490,,,
05283,490,,,
72938,1310,,,
72969,1310,,,
72952,1310,,,
72921,1310,,,
72914,1310,,,
72945,1310,,,
,0,,,
79593,1400,,,
79562,1400,,,
79616,1400,,,
79609,1400,,,
79548,1400,,,
79586,1400,,,
79555,1400,,,
79579,1400,,,
79531,1400,,,
,0,,,
03258,4280,,,
03234,4280,,,
03227,4280,,,
03241,4280,,,
06525,4220,,,
,0,,,
06600,11920,,,
06549,15330,,,
06587,16180,,,
06563,11410,,,
,0,,,
10850,7770,,,
03166,1710,,,
03159,1710,,,
02886,1140,,,
02916,1140,,,
02893,1140,,,
02909,1140,,,
05115,3570,,,
03777,410,,,
05252,2230,,,
04903,1870,,,
06907,1150,,,
04620,3570,,,
04637,3570,,,
04248,1760,,,
04262,2200,,,
01865,1890,,,
,0,,,
77667,1640,,,
77650,1640,,,
77681,1640,,,
77698,1640,,,
77704,1640,,,
77711,1640,,,
77728,1640,,,
77742,1640,,,
77735,1640,,,
77674,1640,,,
,0,,,
75465,1770,,,
75410,1770,,,
75403,1770,,,
75427,1770,,,
75434,1770,,,
75489,1770,,,
75472,1770,,,
75441,1770,,,
75458,1770,,,
75397,1770,,,
,0,,,
75557,1670,,,
75502,1670,,,
75540,1670,,,
75496,1670,,,
75519,1670,,,
75533,1670,,,
75588,1670,,,
75564,1670,,,
75571,1670,,,
75526,1670,,,
,0,,,
73966,2620,,,
73973,2620,,,
74000,2620,,,
74024,2620,,,
74031,2620,,,
74048,2620,,,
74017,2620,,,
,0,,,
73065,7860,,,
73119,7860,,,
73157,7860,,,
73072,7860,,,
73126,7860,,,
,0,,,
73041,5820,,,
73003,5820,,,
73010,5820,,,
72990,5820,,,
73027,5820,,,
72983,5820,,,
73058,5820,,,
72976,5820,,,
73034,5820,,,
73164,5820,,,
,0,,,
04484,2560,,,
04507,2560,,,
,0,,,
01070,2910,,,
01087,2910,,,
,0,,,
02497,2200,,,
02480,2200,,,
,0,,,
00028,1750,,,
00059,1750,,,
00035,1750,,,
79982,1750,,,
79999,1750,,,
00042,1750,,,
00066,1750,,,
00011,1750,,,
,0,,,
75687,1670,,,
75700,1190,,,
,0,,,
79432,1540,,,
79371,1540,,,
79388,1540,,,
79418,1540,,,
79425,1540,,,
79395,1540,,,
79449,1540,,,
79401,1540,,,
,0,,,
,0,,,
79265,750,,,
79258,750,,,
79289,750,,,
79272,750,,,
,0,,,
19276,1380,,,
19313,1380,,,
19306,1380,,,
19221,1380,,,
19245,1380,,,
19290,1380,,,
19269,1380,,,
19252,1380,,,
19238,1380,,,
,0,,,
72891,830,,,
,0,,,
02381,1840,,,
02367,1840,,,
02398,1840,,,
02374,1840,,,
02411,1840,,,
,0,,,
71238,1410,,,
71276,1410,,,
71214,1410,,,
71191,1410,,,
71252,1410,,,
71269,1410,,,
71184,1410,,,
71207,1410,,,
71221,1410,,,
,0,,,
71382,1450,,,
71313,1450,,,
71290,1450,,,
71368,1450,,,
71337,1450,,,
71375,1450,,,
71351,1450,,,
71344,1450,,,
71320,1450,,,
71306,1450,,,
,0,,,
,0,,,
11355,2910,,,
15223,2910,,,
,0,,,
11348,2110,,,
16237,2110,,,
16244,2110,,,
16251,2110,,,
12246,1960,,,
,0,,,
,0,,,
09120,1810,,,
09205,1810,,,
09182,1810,,,
09151,1810,,,
09175,1810,,,
09212,1810,,,
09137,1810,,,
09168,1810,,,
09144,1810,,,
09199,1810,,,
,0,,,
12895,8150,,,
,0,,,
75670,3930,,,
,0,,,
,0,,,
19917,2910,,,
,0,,,
19849,1890,,,
19818,1890,,,
19832,1890,,,
19887,1890,,,
19856,1890,,,
19894,1890,,,
19863,1890,,,
19825,1890,,,
,0,,,
,0,,,
73362,1130,,,
73324,1130,,,
73416,1130,,,
73256,1130,,,
73263,1130,,,
73317,1130,,,
73300,1130,,,
73423,1130,,,
73379,1130,,,
73331,1130,,,
73287,1130,,,
73409,1130,,,
73270,1130,,,
73355,1130,,,
73348,1130,,,
73393,1130,,,
73386,1130,,,
73294,1130,,,
,0,,,
73546,1130,,,
73508,1130,,,
73591,1130,,,
73430,1130,,,
73447,1130,,,
73492,1130,,,
73485,1130,,,
73607,1130,,,
73553,1130,,,
73515,1130,,,
73461,1130,,,
73584,1130,,,
73454,1130,,,
73539,1130,,,
73522,1130,,,
73577,1130,,,
73560,1130,,,
73478,1130,,,
,0,,,
78084,1130,,,
,0,,,
19146,1130,,,
78077,1130,,,
,0,,,
,0,,,
07935,6120,,,
07874,6120,,,
07881,6120,,,
07911,6120,,,
07898,6120,,,
07928,6120,,,
07843,6120,,,
07850,6120,,,
07904,6120,,,
07867,6120,,,
,0,,,
06150,8440,,,
06129,8440,,,
06174,8440,,,
06198,8440,,,
06181,8440,,,
06112,8440,,,
06105,8440,,,
06167,8440,,,
06136,8440,,,
06143,8440,,,
,0,,,
07751,6620,,,
07768,6620,,,
07799,6620,,,
07744,6620,,,
07805,6620,,,
07775,6620,,,
07812,6620,,,
07836,6620,,,
07829,6620,,,
07782,6620,,,
,0,,,
17357,2910,,,
17319,2910,,,
17340,2910,,,
17326,2910,,,
17296,2910,,,
17272,2910,,,
17333,2910,,,
,0,,,
18453,1670,,,
18415,1670,,,
18446,1670,,,
18408,1670,,,
18422,1670,,,
18385,1670,,,
18392,1670,,,
18361,1670,,,
18378,1670,,,
18439,1670,,,
,0,,,
76882,2040,,,
76899,5820,,,
,0,,,
75335,1860,,,
75311,1860,,,
75304,1860,,,
75298,1860,,,
75281,1860,,,
75328,1860,,,
,0,,,
09311,1290,,,
09328,1290,,,
10089,8700,,,
10027,4260,,,
07720,5450,,,
07713,5960,,,
10041,7240,,,
,0,,,
04385,1760,,,
02794,1540,,,
02619,370,,,
02602,440,,,
02596,530,,,
02770,170,,,
02763,220,,,
02756,300,,,
02732,560,,,
,0,,,
71030,2270,,,
71054,2270,,,
71047,2270,,,
01629,1110,,,
01612,1110,,,
01599,1110,,,
01636,1110,,,
01681,2310,,,
01674,2310,,,
01889,1710,,,
01919,1710,,,
01902,1710,,,
01896,1710,,,
,0,,,
72839,5670,,,
,0,,,
77599,5730,,,
77605,5730,,,
77612,5730,,,
77629,5730,,,
,0,,,
77797,2450,,,
77803,2450,,,
77810,2450,,,
77827,2450,,,
,0,,,
79333,2100,,,
73232,1310,,,
73218,1670,,,
,0,,,
,0,,,
76165,2910,,,
76158,2910,,,
76134,2910,,,
76141,2910,,,
,0,,,
76110,2910,,,
76127,2910,,,
76103,2910,,,
,0,,,
72273,6690,,,
72280,6690,,,
72242,6690,,,
72266,6690,,,
72259,6690,,,
,0,,,
76172,2910,,,
09380,2870,,,
09397,2340,,,
,0,,,
71597,1450,,,
71603,1450,,,
11287,1310,,,
11270,1310,,,
,0,,,
,0,,,
,0,,,
07515,2980,,,
07508,2980,,,
07478,2980,,,
07522,2980,,,
07539,2980,,,
07461,2980,,,
07447,2980,,,
07454,2980,,,
07492,2980,,,
07485,2980,,,
,0,,,
09427,3700,,,
09410,3700,,,
09502,3700,,,
09496,3700,,,
09441,3700,,,
09489,3700,,,
09434,3700,,,
09465,3700,,,
09458,3700,,,
09472,3700,,,
,0,,,
,0,,,
75748,4220,,,
75762,4220,,,
75731,4220,,,
75724,4220,,,
04545,7150,,,
,0,,,
,0,,,
72112,2330,,,
72068,2330,,,
72105,2330,,,
72082,2330,,,
72099,2330,,,
73171,3640,,,
,0,,,
,0,,,
73812,3490,,,
73836,3490,,,
73805,3490,,,
73843,3490,,,
,0,,,
04569,6810,,,
04583,6810,,,
04576,6810,,,
,0,,,
,0,,,
05153,1490,,,
,0,,,
79753,2800,,,
79777,2800,,,
,0,,,
05177,1240,,,
,0,,,
03586,890,,,
03579,890,,,
03678,1710,,,
03715,2910,,,
06648,1150,,,
,0,,,
10775,2770,,,
77872,6380,,,
78176,1800,,,
78152,1960,,,
78138,2370,,,
78114,2620,,,
76301,1190,,,
76325,800,,,
02008,1130,,,
02015,1130,,,
02022,1130,,,
05139,1900,,,
06624,1150,,,
,0,,,
09618,3700,,,
09557,10000,,,
02305,3700,,,
02268,3620,,,
02282,4170,,,
02244,4100,,,
01575,8670,,,
02534,6850,,,
02541,7200,,,
,0,,,
01780,3070,,,
01773,3070,,,
01810,3070,,,
01803,3070,,,
,0,,,
12802,4400,,,
12796,6240,,,
12789,8480,,,
,0,,,
18873,1760,,,
18880,1760,,,
18842,1760,,,
18897,1760,,,
18903,1760,,,
18859,1760,,,
18866,1760,,,
12819,1760,,,
,0,,,
,0,,,
76790,1450,,,
76820,1450,,,
76813,1450,,,
76837,1450,,,
76806,1450,,,
76783,1450,,,
76851,1450,,,
76844,1450,,,
76875,1450,,,
76868,1450,,,
,0,,,
05955,1560,,,
05948,1560,,,
05924,1560,,,
05900,1560,,,
05962,1560,,,
05917,1560,,,
05979,1560,,,
05894,1560,,,
05931,1560,,,
05887,1560,,,
,0,,,
,0,,,
16701,2910,,,
16749,2910,,,
16725,2910,,,
16718,2910,,,
16732,2910,,,
,0,,,
17999,2840,,,
